"gene_name","regulation","...1","ENTRY","NAME","ORTHOLOGY","ORGANISM","PATHWAY","BRITE","POSITION","MOTIF","DBLINKS","AASEQ_length","AASEQ","NTSEQ_length","NTSEQ","MODULE"
"LOC110864414","Upregulated",0,"110864414;CDS;T05101","(RefSeq) dehydrodolichyl diphosphate synthase 2","K11778;ditrans,polycis-polyprenyl diphosphate synthase [EC:2.5.1.87]","han;Helianthus annuus (common sunflower)","han00900;Terpenoid backbone biosynthesis;han01110;Biosynthesis of secondary metabolites","KEGG Orthology (KO) [BR:han00001];09100 Metabolism;09109 Metabolism of terpenoids and polyketides;00900 Terpenoid backbone biosynthesis;110864414;09180 Brite Hierarchies;09181 Protein families: metabolism;01006 Prenyltransferases [BR:han01006];110864414;Enzymes [BR:han01000];2. Transferases;2.5;Transferring alkyl or aryl groups, other than methyl groups;2.5.1;Transferring alkyl or aryl groups, other than methyl groups (only sub-subclass identified to date);2.5.1.87;ditrans,polycis-polyprenyl diphosphate synthase [(2E,6E)-farnesyl diphosphate specific];110864414;Prenyltransferases [BR:han01006];Terpene biosynthesis;Prenyl diphosphate synthase;110864414","1:47347576..47355769","Pfam: Prenyltransf KH_DUF2096_C EutC","NCBI-GeneID: 110864414;NCBI-ProteinID: XP_021969165",271,"MMMLSPPPPFYPRSLSLSFRPNPHNHRLHVLTQPDSGCSPFMPNHVAVIMDGNRRWARSRGLMPEAGYLAGSRSLKLFVNLCCNWGIRIVTVFAFSSDNWLRPKAEVDFLMRLLESALKDEIAYMLREDIKLSVIGDSSKVPKSLKEFITYAETTTENNSRLNLVIAINYSGKNDIVQACQSIARKVKDGLVDPEEINEFMIENELGTHPDHPHPDLLIRTSGEVRVSNFFLWQLAYTELYFTESLWPDFGEDEFLHALRAFQHRLRRYGR",816,"atgatgatgctctctcctcctcctcccttctatcctcgttctttgagtttgtctttccgaccaaacccacacaaccaccgtcttcatgtactcacacaaccagactccgggtgttcgccgttcatgcccaaccatgtggcagtgataatggatggaaacaggagatgggctcgctcccgcgggttgatgcctgaagccggttacttggccggttctcgctcattgaagctgtttgtgaacctctgttgtaactggggaatccgaattgttaccgtcttcgcattctcatccgataactggttaagacccaaggctgaagttgatttcttaatgaggctgcttgaaagtgctctaaaagatgaaattgcctatatgttgagggaagatatcaaactttctgtcatcggtgactcgtctaaggttccaaaatccttaaaagaattcattacatacgctgaaaccacaacggagaacaattcgcggctcaatcttgttatagccattaattatagcggaaagaatgatatcgtccaagcctgtcaaagcatcgctcgaaaagtcaaagatggtctcgttgaccctgaagaaatcaacgagtttatgattgaaaatgaacttggtacacaccctgaccaccctcaccctgatcttcttattcggaccagcggtgaggttagggtcagtaacttctttctatggcaattggcgtatactgaattatatttcacggaatcgctttggccggattttggagaagacgaatttttacatgctttgcgggcctttcaacacagactaagacgatatggtagatga",NA
"LOC110865220","Upregulated",1,"110865220;CDS;T05101","(RefSeq) phosphomevalonate kinase, peroxisomal","K00938;phosphomevalonate kinase [EC:2.7.4.2]","han;Helianthus annuus (common sunflower)","han00900;Terpenoid backbone biosynthesis;han01100;Metabolic pathways;han01110;Biosynthesis of secondary metabolites","KEGG Orthology (KO) [BR:han00001];09100 Metabolism;09109 Metabolism of terpenoids and polyketides;00900 Terpenoid backbone biosynthesis;110865220;Enzymes [BR:han01000];2. Transferases;2.7;Transferring phosphorus-containing groups;2.7.4;Phosphotransferases with a phosphate group as acceptor;2.7.4.2;phosphomevalonate kinase;110865220","6:complement(37912475..37919447)","Pfam: GHMP_kinases_N GHMP_kinases_C","NCBI-GeneID: 110865220;NCBI-ProteinID: XP_021970137",489,"MAVVASAPGKVLMTGGYLVLEKPNAGIVLSTNARFYAVLKPLYDEVVEVEWIDVKVNSPQMSRETAYKMSLKDFTLNCSSESRNPFVEYAVQYSVAAAYTTLDKIKRSKLQKLLSQGMDITILGCNDFYSYRSQIEARGLLLVPESLAALPPFTSITFNAGDSNGENCKPEVAKTGLGSSAAMTTAVVAALLNYLGVVDLQCSGKDQKGENSSDLDLVHMIAQTTHCIAQGKVGSGFDVSSAVYGSHRYVRFSPKIISAAQEAVCTTPLDEVIGEVLKAKWDHERTKFSLPPLMNLILGEPGSGGSSTPSMVGAVKKWQKSDPEKSKETWDRLSEANSALEAHFNLLSKLAAENWDSYKSVIDSCSMHKSEKWMGQFSEASHVEIVKALLGAREAMLKIRCHMRQMGEAAGIPIEPESQTRLLDVTMDTEGVLLAGVPGAGGFDAVFAITLGDSTANLTKTWSSHNVLALLVREDPCGVSLESGDPRAK",1470,"atggctgtggttgcttctgctcctgggaaggtgttgatgactggtggttatttggttctcgagaagccgaatgcgggaatcgtgcttagtacgaatgctcgattttacgctgttcttaagcctctttatgatgaagttgtggaagtggagtggatagatgtgaaggtaaattctcctcagatgtcgagagaaactgcatacaaaatgtccttaaaagatttcacacttaattgttcaagtgaatcaaggaacccctttgttgaatatgcagtccaatattccgtagcagcagcatacaccacactggacaaaattaaaaggagtaaactgcagaaattactgtcacagggtatggatattacaatcttaggttgcaatgacttctactcatatcggagtcagatcgaagcacgtgggctcctgttagtcccagaatcattggctgctcttccgccattcacatcgattacttttaacgctggagattcaaatggagaaaactgcaaaccagaagttgcgaaaactggattagggtcctctgcagctatgacaactgctgtcgtagctgctttactaaactaccttggggttgttgatcttcaatgttccggtaaagatcaaaagggtgaaaacagttcggatcttgatttggtgcatatgatagctcaaacgactcactgtattgctcaaggaaaagttggtagtggatttgatgttagttccgctgtctatggaagtcatcgttatgtccgtttttcaccaaaaatcatttctgcggctcaggaagctgtttgtaccacgccattagatgaagtcataggtgaagtcttgaaagccaagtgggatcatgagaggactaaattttccttgccaccattaatgaatctgattttgggagaaccaggaagtggaggatcgtctacaccatcaatggttggtgcggtcaagaaatggcaaaaatctgacccagagaagtcaaaggagacatgggacaggttgtctgaggcaaattccgcacttgaagcacattttaatttgttaagcaaactggctgcagaaaattgggattcatacaaatcagtcatagacagctgtagcatgcataaatcagaaaagtggatggggcaatttagcgaagcaagtcatgtagaaattgttaaagcattattgggagctagagaggctatgcttaaaatccgatgtcatatgaggcagatgggtgaggctgcaggcatcccgattgaacctgaatcacaaactcgtctcctggatgtgaccatggacacagaaggtgtcttattggctggagttcctggtgccggtgggtttgatgctgtattcgcgattactttaggtgactcaaccgccaatctaaccaaaacatggagttcacacaatgttttggccttgctagtgagggaagatccctgtggcgtttctctagagagtggtgatcctcgggccaagtaa","han_M00095;C5 isoprenoid biosynthesis, mevalonate pathway"
"LOC110871894","Upregulated",9,"110871894;CDS;T05101","(RefSeq) heterodimeric geranylgeranyl pyrophosphate synthase small subunit, chloroplastic","K13789;geranylgeranyl diphosphate synthase, type II [EC:2.5.1.1 2.5.1.10 2.5.1.29]","han;Helianthus annuus (common sunflower)","han00900;Terpenoid backbone biosynthesis;han01100;Metabolic pathways;han01110;Biosynthesis of secondary metabolites","KEGG Orthology (KO) [BR:han00001];09100 Metabolism;09109 Metabolism of terpenoids and polyketides;00900 Terpenoid backbone biosynthesis;110871894;09180 Brite Hierarchies;09181 Protein families: metabolism;01006 Prenyltransferases [BR:han01006];110871894;Enzymes [BR:han01000];2. Transferases;2.5;Transferring alkyl or aryl groups, other than methyl groups;2.5.1;Transferring alkyl or aryl groups, other than methyl groups (only sub-subclass identified to date);2.5.1.1;dimethylallyltranstransferase;110871894;2.5.1.10;(2E,6E)-farnesyl diphosphate synthase;110871894;2.5.1.29;geranylgeranyl diphosphate synthase;110871894;Prenyltransferases [BR:han01006];Terpene biosynthesis;Prenyl diphosphate synthase;110871894","8:complement(6618992..6627322)","Pfam: polyprenyl_synt","NCBI-GeneID: 110871894;NCBI-ProteinID: XP_021976342",338,"MVMFATTVTSCSYLHFPKRLSVTRQTIKCSSTTSSISASFDLKTYWSTLREEINQKLDEAIPVKYPAQIYESMRYSVLAEGAKRAPPVMCVAACELLGGNRLAAFPTACALEMVHAASLIHDDLPCMDDDPSRRGQPSNHTVFEMDMAILTADALFPLGFRHIVSHTPTNLVPETQLLRVINEIARAVGSTGMAAGQFVDLEVPANAIDFIHEKKYGEMGECSAVCGGLLAGANDEEIQRLRTYGRAVGILYQVVDDLLEAKSSKNKLVAAEKLVNEKKEKSYVGAYGVEKAMEVAEGLRAEAKTALEGFEKYGEKVLPLYSFVDYAADRSFSFADHV",1017,"atggtgatgttcgcaacaaccgtaacttcatgttcttatttacatttcccaaagagactttcggttactcgacaaacgatcaaatgttcttcgaccacatcatcaatttccgccagttttgaccttaaaacttactggtcaactctgagagaagaaatcaaccagaagcttgatgaagctatacctgttaagtaccccgctcagatatacgaatccatgcgctattctgttcttgccgaaggagctaaacgagcacctcccgttatgtgtgttgctgcctgtgagctccttggcggtaaccgccttgctgccttccccactgcgtgtgcccttgagatggtgcatgctgcttctttaatccatgatgacttaccatgcatggacgatgacccatcccgaagaggtcaaccatcaaaccacaccgtctttgagatggacatggccatcctaactgccgacgctttgttcccgctagggttccgccatattgtttctcacaccccaactaatctcgtcccagaaacccaactccttcgtgtcataaacgaaattgcacgagccgttggttccaccggcatggctgctggtcagtttgtggacctggaggtccccgcaaacgccatagacttcatccacgaaaagaagtacggcgagatgggtgaatgctctgccgtttgtggaggacttctagcgggtgctaatgatgaggagatccaacggctcagaacatacgggagggcggttgggatcttgtatcaagtggttgacgatttgttggaagcgaaatcatctaaaaacaaattagtagctgccgagaaacttgtgaatgaaaagaaggagaagagttatgtaggtgcgtatggcgtcgagaaggcgatggaagtggcggagggtcttagagccgaggctaaaaccgctttggaaggtttcgagaagtatggcgagaaggtgttgccgttatacagttttgtcgattacgctgctgatagaagttttagcttcgctgatcacgtttga","han_M00366;C10-C20 isoprenoid biosynthesis, plants"
"LOC110873283","Upregulated",13,"110873283;CDS;T05101","(RefSeq) dehydrodolichyl diphosphate synthase 2","K11778;ditrans,polycis-polyprenyl diphosphate synthase [EC:2.5.1.87]","han;Helianthus annuus (common sunflower)","han00900;Terpenoid backbone biosynthesis;han01110;Biosynthesis of secondary metabolites","KEGG Orthology (KO) [BR:han00001];09100 Metabolism;09109 Metabolism of terpenoids and polyketides;00900 Terpenoid backbone biosynthesis;110873283;09180 Brite Hierarchies;09181 Protein families: metabolism;01006 Prenyltransferases [BR:han01006];110873283;Enzymes [BR:han01000];2. Transferases;2.5;Transferring alkyl or aryl groups, other than methyl groups;2.5.1;Transferring alkyl or aryl groups, other than methyl groups (only sub-subclass identified to date);2.5.1.87;ditrans,polycis-polyprenyl diphosphate synthase [(2E,6E)-farnesyl diphosphate specific];110873283;Prenyltransferases [BR:han01006];Terpene biosynthesis;Prenyl diphosphate synthase;110873283","8:complement(85330891..85333120)","Pfam: Prenyltransf MG280","NCBI-GeneID: 110873283;NCBI-ProteinID: XP_021977909",268,"MCVIMNQMDMINSEKTCVTSADLNGKDNIPDESLPGGLKKKLLPKHIAMIVDGNRRWAVQKGLSAMFGHNAGRMILMPLLRLCSKLEIKVVSFFVFSTENWRRPTEEINFLMKVVEDLLRVDGEELHSHGCRVSVMGDKSKLSETLQKLSTEIEEKSRTNSGTHIIFAINYSGKHDIIKACKNLATQVKDGVILPNQINENIFAQQLYTNYIDFPCPDLVIRTSGEIRISNFMLWQMAYSKLYFTKKYFPDFGENDLIEALRAFQRTQ",807,"atgtgtgttatcatgaaccaaatggatatgatcaattccgagaaaacatgtgtgacgagtgcagatttgaacggcaaagataacataccagatgaaagtttacctggaggtctcaagaaaaagctattgccaaaacacatcgccatgatagttgacggtaatcgtaggtgggcagtgcaaaaaggtttgtctgctatgtttggtcacaatgctggcagaatgatactaatgcctcttctccggctatgttcgaaactagagatcaaagtcgtatcattttttgtattttctactgaaaattggcgtcggccaactgaggaaattaattttctcatgaaggtggtggaagatttattaagggtagatggggaagaacttcatagtcatggttgtcgagtaagcgtgatgggggacaaatcaaagctttcggagacgctacaaaaactatcaacagaaatcgaggagaaatcacgaacgaattcaggaacacatatcatttttgcaatcaactacagtggtaaacatgacataattaaagcttgcaagaaccttgctacccaagtcaaagatggtgttattctaccaaaccaaattaatgaaaacattttcgcacaacaactctataccaactatattgattttccttgcccggatctggtcatacgtacaagtggcgaaattaggatcagtaattttatgttgtggcagatggcatacagcaagctttatttcacgaagaaatattttcctgattttggagaaaatgatctcattgaggctttacgtgcatttcaaaggacacaatga",NA
"LOC110873284","Upregulated",14,"110873284;CDS;T05101","(RefSeq) dehydrodolichyl diphosphate synthase 2","K11778;ditrans,polycis-polyprenyl diphosphate synthase [EC:2.5.1.87]","han;Helianthus annuus (common sunflower)","han00900;Terpenoid backbone biosynthesis;han01110;Biosynthesis of secondary metabolites","KEGG Orthology (KO) [BR:han00001];09100 Metabolism;09109 Metabolism of terpenoids and polyketides;00900 Terpenoid backbone biosynthesis;110873284;09180 Brite Hierarchies;09181 Protein families: metabolism;01006 Prenyltransferases [BR:han01006];110873284;Enzymes [BR:han01000];2. Transferases;2.5;Transferring alkyl or aryl groups, other than methyl groups;2.5.1;Transferring alkyl or aryl groups, other than methyl groups (only sub-subclass identified to date);2.5.1.87;ditrans,polycis-polyprenyl diphosphate synthase [(2E,6E)-farnesyl diphosphate specific];110873284;Prenyltransferases [BR:han01006];Terpene biosynthesis;Prenyl diphosphate synthase;110873284","8:85453426..85457742","Pfam: Prenyltransf","NCBI-GeneID: 110873284;NCBI-ProteinID: XP_021977910",242,"MAPSILIAEEEDSVAELKYQTLYDGLQAELLPTHVAIMFMDGASGEQLNDIARICCELRIKVLSISTLSSANVHRSKEEVDVTTNITKLCLEDLERNDIRVSVIGKRDSISDSLLDIINKMEETTKNNKSLHIIEAIDYTGRGDIIQACMVLAEKVKDGVIQPEDIDENVFQQELETKCSEFPNPDLMIRTGGKYSIDNFMIWQMAYTELYFVENEDLEFNKTSFIEALDSYQKRSRRFGGK",729,"atggccccatcgattttaattgctgaagaagaggatagtgtagcagaactaaaatatcaaacattgtatgatggacttcaagcagaattgttgccgacacacgtcgcgataatgttcatggatggtgctagcggcgaacagttgaacgatattgcacggatttgctgcgagctccgaataaaagttctctctatctctacgctttcttctgcgaatgtccatcgatccaaagaggaggttgatgttacaacaaacataacgaaactgtgcttggaagatcttgaaagaaatgatattagggtttcggtaataggcaaaagggactcaatttcagactcattgctagacatcataaacaagatggaagaaactacaaagaacaacaagtcgcttcatattatcgaagcgatagattacacaggacgtggcgacatcattcaggcttgcatggttcttgctgagaaggtgaaagatggtgttatacaacccgaggatatcgatgaaaatgttttccagcaagaactggagacgaagtgctcagagtttcctaacccggatctgatgattcgaacgggtgggaagtatagcattgacaactttatgatatggcaaatggcgtatactgaactctactttgtagaaaatgaggatcttgaatttaacaagactagttttattgaggcgttagactcgtaccagaaaagatccagacggtttggtggaaagtga",NA
"LOC110873825","Downregulated",16,"110873825;CDS;T05101","(RefSeq) geranylgeranyl diphosphate reductase, chloroplastic","K10960;geranylgeranyl diphosphate/geranylgeranyl-bacteriochlorophyllide a reductase [EC:1.3.1.83 1.3.1.111]","han;Helianthus annuus (common sunflower)","han00860;Porphyrin metabolism;han00900;Terpenoid backbone biosynthesis;han01100;Metabolic pathways;han01110;Biosynthesis of secondary metabolites","KEGG Orthology (KO) [BR:han00001];09100 Metabolism;09108 Metabolism of cofactors and vitamins;00860 Porphyrin metabolism;110873825;09109 Metabolism of terpenoids and polyketides;00900 Terpenoid backbone biosynthesis;110873825;Enzymes [BR:han01000];1. Oxidoreductases;1.3;Acting on the CH-CH group of donors;1.3.1;With NAD+ or NADP+ as acceptor;1.3.1.83;geranylgeranyl diphosphate reductase;110873825;1.3.1.111;geranylgeranyl-bacteriochlorophyllide a reductase;110873825","8:complement(135635008..135636698)","Pfam: FAD_binding_3 Pyr_redox_2 Lycopene_cycl GGR_cat GIDA FAD_oxidored FAD_binding_2 HI0933_like DAO NAD_binding_8 Thi4 Pyr_redox ThiF TrkA_N 3HCDH_N Pyr_redox_3 MiaE_2","NCBI-GeneID: 110873825;NCBI-ProteinID: XP_021978531",461,"MASITLKSFIGLRRQSSPENHHPTITPPTHLHRRRLITLAGKSSPKLSGRNLRVAVIGGGPAGGAAAETLAKGGIETILIERKMDNAKPCGGAIPLCMVGEFDLPLDIIDRRVTKMKMISPSNVAVDIGRTLKPHEYIGMVRREVLDAYLRERAAGAGASIVNGLFVKMDKPIDKYAPYVVHYNEYDGKAGTVGKKVTIEVDAIIGADGANSRVAKQIDAGDYEYAIAFQERIKIPDDKMQYYENLAEMYVGDDVSPDFYGWVFPKCDHVAVGTGTVTHKPDIKKFQLATRLRARDKIQGGKIIRVEAHPIPEHPRPRRLSNRVALVGDAAGYVTKCSGEGIYFAAKSGRMCAEAIVAGSENGTRMVDEADLRNYLREWDKTYWPTYKVLDILQKVFYRSNPAREAFVEMCADEYVQKMTFDSYLYKTVVPGNPLDDLKLAVNTIGSLVRANALRNEMAKI",1386,"atggcctccataaccctcaaatccttcatcggactccgccgtcaatcatcgccggaaaaccaccatcccaccataaccccacctacccacctccaccgccgccgcctcatcaccctcgccggaaaatccagccccaaactctccggccgcaaccttcgcgtagccgtcattggtggcggccccgctggcggagccgccgccgaaaccctcgccaaaggcggaattgaaaccattttaattgaaagaaaaatggacaatgcgaaaccatgcggtggcgcaattccgttatgtatggtcggagagttcgacctaccgttggacattatcgaccgccgcgttacgaagatgaagatgatatcgccttcgaacgtggcagtagatatcgggcggactttgaaaccgcatgagtacatcggaatggtgcgtcgagaagttctcgacgcgtacctccgtgagcgagctgctggcgcgggggccagcatcgtcaacggtttgtttgtgaaaatggacaaaccgattgacaagtacgcgccgtatgttgttcactacaacgagtacgacggcaaagccggaacggttggtaaaaaagtgactattgaggtcgatgcaataattggcgccgatggcgccaattctcgcgtcgcgaagcaaattgatgccggggattatgagtacgcgattgcgttccaggaacgcattaaaatccccgacgacaagatgcaatattatgaaaacttagccgagatgtacgtgggagacgatgtctccccggacttttacggttgggttttccctaaatgtgaccacgtggcggttggtaccggcacagttacacataaacctgacataaagaagttccaacttgccacgcgcttaagggcgcgtgacaaaatccagggtgggaaaatcatccgtgtggaggcccatcctattccagagcaccctaggccaaggcgactctctaacagagtcgccctggttggggatgctgctgggtatgtgaccaaatgctcgggtgaggggatttattttgcggcgaagagtgggcggatgtgcgcggaggccatcgtggcggggtcggagaacggaacgcgaatggtggacgaagcggatttgaggaattacttgcgcgaatgggataaaacgtactggccgacgtacaaggtgttggatatcttgcagaaggtgttttaccggtcgaatccggctagggaggcgttcgtcgagatgtgcgccgatgagtatgtgcagaagatgacctttgatagctatttgtacaagacggtggtgccggggaatccattggatgatttgaagcttgctgttaatacaattgggagtttggttagggccaatgctttgagaaatgagatggctaagatttga",NA
"LOC110874622","Upregulated",18,"110874622;CDS;T05101","(RefSeq) (E)-beta-ocimene synthase, chloroplastic","K12742;isoprene synthase [EC:4.2.3.27]","han;Helianthus annuus (common sunflower)","han00900;Terpenoid backbone biosynthesis;han01110;Biosynthesis of secondary metabolites","KEGG Orthology (KO) [BR:han00001];09100 Metabolism;09109 Metabolism of terpenoids and polyketides;00900 Terpenoid backbone biosynthesis;110874622;Enzymes [BR:han01000];4. Lyases;4.2;Carbon-oxygen lyases;4.2.3;Acting on phosphates;4.2.3.27;isoprene synthase;110874622","9:complement(123317471..123321928)","Pfam: Terpene_synth_C Terpene_syn_C_2 Terpene_synth","NCBI-GeneID: 110874622;NCBI-ProteinID: XP_021978852",592,"MALQLYHLAFAKCFFEVCKPMPNTRATSRRHRLIKAAESQLAITYQPTIWSHDYIRVLDDNFPTKFEEKVRELEKKTVMLLNVDFENGGFTMLELLEQIDDIERLGLGYRFQNDIRRALDIIASIHGTNVGLEEKQDSLHEASLRFRILRQHGYNVSPDFIRRFKDNHGGFIGCLETDVEGLLSLYEASHLAFMEESDLHEAKLFATKHLLKLKGRVNDAQALEQINHALEAPLYHRMLRLQARCYIHAYNKRQDANLLLLELATLDFNMIQATFRTELKELSKWWKKTGLAQELGFIRDRLMECFFWTVGVVFEPQYNSCRVRLTKVCTLITVIDDIYDVYGSLDELQIFTDAVRRWDINAIDDMPKYLKLGFGALYNTITEVGSNTSVGQGENIIPILVKVWGELFEAFLVEAKWTRDKYIPTFDDYLDNAWRSVSGVVIVTHGYFLINHEIKKDVIESLEKYHDLMKWSSMVFRLYNDLATSSNEIERGKTVNAISCYMHENGVCEEVARAYITTLIDEAWSKLVKVHVACSQELANPFIDMAINLARISHCTYQYGDGHGAPDSRAKDRVLSVIIEPIAFKEIEHMYT",1779,"atggctcttcaactatatcatctagcctttgccaaatgtttctttgaggtatgtaaaccaatgccaaacacccgagcgacaagtaggcggcatagattgatcaaggccgccgagagtcagttagccattacttaccagccaactatctggagtcacgattatatccgggtgttagatgataatttcccgacgaagtttgaggagaaggtcagggagctagagaagaagacggtaatgttgttgaatgttgattttgaaaatggtggtttcactatgttggagttgcttgaacagatagatgatattgaaaggctgggtcttggctatcggtttcaaaacgatataaggagagcactggacataatcgcgtcaatacatggaactaatgtcgggcttgaagaaaagcaagatagtctacatgaggcatctcttagattcaggattcttagacaacatggctataatgtgtccccagattttattaggagattcaaggacaatcatggtggctttattggatgcctagagacagatgtcgaggggttgttaagtttatatgaagcttcacatcttgctttcatggaagaaagtgatttgcatgaggccaagttatttgctaccaaacatttgttgaaacttaagggtcgagtaaatgatgcccaagctcttgaacagataaaccatgcattggaagcccccttgtatcataggatgcttagattacaagcaaggtgttacattcatgcatacaataaacgacaagacgcaaatctacttctgctagagcttgcaacattagatttcaacatgattcaagctacattcagaacagaacttaaagaattatcaaagtggtggaaaaagacaggcctagcacaagagttaggcttcattagggatcgactcatggaatgcttcttttggacagttggtgtggtttttgaacctcaatataattcttgtcgtgtaaggctaacgaaagtctgtacgttaattactgttattgatgacatctacgacgtttatggttccctagatgaactgcagatcttcacggatgctgtcaggaggtgggatattaatgcaatagacgatatgccaaagtatttaaagctaggcttcggggctctttacaacacgattactgaagtgggttctaatacttcggttggacaaggagaaaacatcataccgatccttgtaaaagtgtggggagaattatttgaagcatttcttgtggaagcaaagtggacccgtgacaaatacattccaacatttgacgattatcttgataacgcgtggagatcggtgtcaggagtagttattgttactcatggatactttttgatcaatcatgaaatcaaaaaagatgtgattgagtccctagagaagtatcatgatcttatgaaatggtcatcaatggtttttcgactttacaatgatttagctacttcatcgaatgagatagaaagaggtaaaactgtaaatgcaatatcatgttacatgcacgagaatggtgtttgtgaggaagttgcgcgtgcatatataacaacgttaatcgatgaagcatggagtaagctggtcaaagtgcatgtggcttgttctcaagagttggcgaatccgttcattgatatggcaattaatctagctcgaatttcacattgtacgtaccaatatggtgatggacatggagctcccgactctcgagccaaagatcgagtcttatccgtaattattgagcccattgcgtttaaagaaattgaacatatgtatacttaa",NA
"LOC110878709","Downregulated",25,"110878709;CDS;T05101","(RefSeq) dehydrodolichyl diphosphate synthase 6 isoform X1","K11778;ditrans,polycis-polyprenyl diphosphate synthase [EC:2.5.1.87]","han;Helianthus annuus (common sunflower)","han00900;Terpenoid backbone biosynthesis;han01110;Biosynthesis of secondary metabolites","KEGG Orthology (KO) [BR:han00001];09100 Metabolism;09109 Metabolism of terpenoids and polyketides;00900 Terpenoid backbone biosynthesis;110878709;09180 Brite Hierarchies;09181 Protein families: metabolism;01006 Prenyltransferases [BR:han01006];110878709;Enzymes [BR:han01000];2. Transferases;2.5;Transferring alkyl or aryl groups, other than methyl groups;2.5.1;Transferring alkyl or aryl groups, other than methyl groups (only sub-subclass identified to date);2.5.1.87;ditrans,polycis-polyprenyl diphosphate synthase [(2E,6E)-farnesyl diphosphate specific];110878709;Prenyltransferases [BR:han01006];Terpene biosynthesis;Prenyl diphosphate synthase;110878709","9:complement(130951550..130953786)","Pfam: Prenyltransf","NCBI-GeneID: 110878709;NCBI-ProteinID: XP_021982756",350,"MNANVQKNCRLQISIVWNVLEDNSPLNFITHVFFSLFLCVINNSLEFNSRNQVGYLPSTLKFQLTERMEEERQSGVISKWLGGLISTMRRLLFTFMSSGPIPQHIAFIMDGNRRFAKKWKLDEGAGHKAGFLSLLSVLKYCYEVGVKYVTVYAFSLDNFNRRPDEVQYVMDIMYEKIQGFLKELDMVNRYGVRVLFIGDLNRLDEPVRLAAEKAMEATAKNTKTYLLVCVAYTSSHEIPRAIYEACQEKSLALASSGKNDDGIVNDDDDDVIKVVDLEKHMYMGVAPDPDILVRSSGETRLSNFLLWQSTNSLLYSPKALWPEMGFWQVVWGILKYQNKCYYLEKKKKQA",1053,"atgaacgcaaatgtacaaaaaaattgccgcctccaaatttctatcgtgtggaatgttcttgaagataactcccctttaaatttcatcactcacgtctttttctctctatttctttgtgtgataaacaactcattagagtttaactccagaaatcaagtgggttatcttccttcaactcttaaatttcaattgacagaaagaatggaagaagaaagacaatctggagtgattagcaagtggttaggaggcttaatcagcaccatgagaagactcctgtttaccttcatgtcatcaggtccaatcccacaacacattgcattcatcatggacggaaacagaaggtttgccaagaagtggaagctggacgagggcgcaggccacaaagccggtttcctatcccttttgtcggttctaaaatactgctacgaggtgggagtgaagtatgtaaccgtgtatgcattcagtcttgataacttcaaccgacgcccggatgaagtccaatacgttatggatataatgtatgaaaagattcaagggtttttgaaagaattggatatggtaaacagatacggcgttagagtgctgtttattggtgatctgaatcgactggatgagccggttcgacttgctgctgagaaggcaatggaagccactgctaaaaacaccaagacttatcttttggtatgcgtggcatatacttcgtcacatgagatcccgcgagctatctatgaagcttgtcaggagaagagtttggcacttgcatcaagtggaaagaacgacgatgggattgttaatgatgatgatgatgatgtgataaaagtggtggatttggagaagcatatgtatatgggggtggctcctgatcctgatatactggtgaggagctcaggtgagaccagacttagcaactttttgttgtggcaatcaaccaacagtttattgtattctccgaaagctttgtggcctgagatgggattttggcaagtggtatgggggatcttgaaataccagaacaagtgttactatttggagaagaagaagaagcaggcttga",NA
"LOC110886610","Upregulated",37,"110886610;CDS;T05101","(RefSeq) CAAX prenyl protease 2 isoform X1","K08658;intramembrane prenyl-peptidase [EC:3.4.26.1]","han;Helianthus annuus (common sunflower)","han00900;Terpenoid backbone biosynthesis;han01110;Biosynthesis of secondary metabolites","KEGG Orthology (KO) [BR:han00001];09100 Metabolism;09109 Metabolism of terpenoids and polyketides;00900 Terpenoid backbone biosynthesis;110886610;09180 Brite Hierarchies;09181 Protein families: metabolism;01002 Peptidases and inhibitors [BR:han01002];110886610;Enzymes [BR:han01000];3. Hydrolases;3.4;Acting on peptide bonds (peptidases);3.4.26;Glutamic endopeptidases;3.4.26.1;intramembrane prenyl-peptidase Rce1;110886610;Peptidases and inhibitors [BR:han01002];Glutamic peptidases;Family G5: prenyl protease 2 family;110886610","1:complement(143910277..143931846)","Pfam: Rce1-like","NCBI-GeneID: 110886610;NCBI-ProteinID: XP_021990118",310,"MESYSGAGGVPAPLAIVACIAMTILYSPTLILRLPPPSSFKTFMIRWFICAGISTVVSFLVCAFILPIKRWNMSYLLSAYGIRLHHTWEAVVFPLCLTSLMYIGSFILKTLSIWSSWAEHGDRQIDISFHGLKSGLQNLINWMVSAVYDISVWRMYIVAPLTEELVFRGCMISLLLCGGFKAYTVILLSPVLFSLAHLNHLLEYYMQQNTSLLKASMVVGFQLGYTVIFGSYASFLFVRTGHIAAPLVSHIFCNIMGLPAFFSRRTWLVSVGFVAGAISFVYLLFPLTSPALYNDRTDNCECWHTYCYWT",933,"atggagtcatactccggcgccggtggtgttccggcaccgctagcaatcgtagcatgtatcgccatgactatcttgtactcccccacattaatcctccgtctcccacccccttcatctttcaaaaccttcatgattcgatggttcatttgcgccggtatctccaccgtcgtttcatttcttgtctgcgcctttattcttcctataaagaggtggaacatgtcctacttgcttagtgcttatggtatccgtctacaccacacgtgggaagctgtggtttttcctctttgcctgacttctttaatgtatatcggctcgtttatcctcaaaactttatcaatttggagctcgtgggccgaacatggggaccgtcagatagatatatcatttcatggcttaaagagtggtcttcaaaacctcattaactggatggtttcagctgtttacgatatttcagtttggagaatgtatattgtggctccccttacggaagagttagttttcagaggttgtatgatatctttacttctatgtggaggatttaaagcatatacagtaatacttctctctcctgttctttttagcctagctcacttgaaccatttattggagtactacatgcaacaaaatactagcttgctgaaagcttccatggttgtaggtttccagcttggctacacagtgatatttgggtcatatgcatcatttctctttgttcgaactggacatatagcagcgccactcgtgtcacatattttctgcaacatcatgggacttcctgccttcttttcacgaagaacatggttggtgagcgtgggatttgtagcaggggctataagctttgtatatcttttgtttccgcttacttctccagcgttgtacaatgatagaaccgacaattgcgaatgctggcacacttactgttattggacttag",NA
"LOC110886611","Upregulated",38,"110886611;CDS;T05101","(RefSeq) CAAX prenyl protease 2","K08658;intramembrane prenyl-peptidase [EC:3.4.26.1]","han;Helianthus annuus (common sunflower)","han00900;Terpenoid backbone biosynthesis;han01110;Biosynthesis of secondary metabolites","KEGG Orthology (KO) [BR:han00001];09100 Metabolism;09109 Metabolism of terpenoids and polyketides;00900 Terpenoid backbone biosynthesis;110886611;09180 Brite Hierarchies;09181 Protein families: metabolism;01002 Peptidases and inhibitors [BR:han01002];110886611;Enzymes [BR:han01000];3. Hydrolases;3.4;Acting on peptide bonds (peptidases);3.4.26;Glutamic endopeptidases;3.4.26.1;intramembrane prenyl-peptidase Rce1;110886611;Peptidases and inhibitors [BR:han01002];Glutamic peptidases;Family G5: prenyl protease 2 family;110886611","1:complement(143840272..143842302)","Pfam: Rce1-like","NCBI-GeneID: 110886611;NCBI-ProteinID: XP_021990120",226,"MKQWEAVVFPLCLTSLMYIGSFILKILSIRSSWAEHGDRRIDISFHGLKSGLQNLINWMVSAVYNISVWRMYIVAPLTEELVFRACMISLLLCGGFEAYTVILLSPVLFSLAHLNHLLEHYMQQNTSLLKASMVVGFQLGYTVIFGSYASFLFVRTGHIAAPLVSHMFCNIMGLPAFFSRRTWLVSVGFVAGAITFVFLLFPLTSPGLYNDRTDNCECWHTYCYWT",681,"atgaaacagtgggaagccgtggtttttcctctttgcctgacttcgttaatgtatatcggctcgtttattctcaaaattttatcaattcggagctcgtgggccgaacatggggaccgtcggatagatatatcatttcatggcttaaagagtggtcttcaaaacctcattaattggatggtttcagctgtttacaatatttcagtttggagaatgtatattgtggctcctcttacggaagagttagttttcagagcttgtatgatatctttacttctatgtggaggatttgaagcatatacagtaatacttctctctcctgttctttttagcctagctcacttgaaccatttattggagcactacatgcaacaaaatacgagcttgctgaaagcttccatggttgtaggtttccagcttggctatacagtgatatttgggtcatatgcatcatttctctttgttcgaactggacatatagcagcgccgctcgtgtcacatatgttctgcaacatcatggggcttcctgccttcttttcacgaagaacatggttggtgagcgtgggatttgtagcaggggcgataacctttgtatttcttttgtttccgcttacttctccagggttgtacaatgatagaaccgacaattgcgaatgctggcacacttactgttattggacttaa",NA
"LOC110894842","Upregulated",44,"110894842;CDS;T05101","(RefSeq) probable 1-deoxy-D-xylulose-5-phosphate synthase 2, chloroplastic","K01662;1-deoxy-D-xylulose-5-phosphate synthase [EC:2.2.1.7]","han;Helianthus annuus (common sunflower)","han00730;Thiamine metabolism;han00900;Terpenoid backbone biosynthesis;han01100;Metabolic pathways;han01110;Biosynthesis of secondary metabolites","KEGG Orthology (KO) [BR:han00001];09100 Metabolism;09108 Metabolism of cofactors and vitamins;00730 Thiamine metabolism;110894842;09109 Metabolism of terpenoids and polyketides;00900 Terpenoid backbone biosynthesis;110894842;Enzymes [BR:han01000];2. Transferases;2.2;Transferring aldehyde or ketonic groups;2.2.1;Transketolases and transaldolases;2.2.1.7;1-deoxy-D-xylulose-5-phosphate synthase;110894842","12:128776361..128784935","Pfam: DXP_synthase_N Transket_pyr Transketolase_C E1_dh TPP_enzyme_C Transketolase_N Transketolase_C_1","NCBI-GeneID: 110894842;NCBI-ProteinID: XP_021997767",718,"MAVAGCSMDMHLTSSPYITIPPLHKFTRKLNRSFRINASSASGEAEDVKLTVNKDTTSRKIDFSGEKPKTPLLDTINYPVHMKNLSTKDLEQLAAELRVDIVYSVANTGGHLSSSLGVVELAVALHHVFNTPEDRIIWDVGHQAYPHKILTGRRSKMHTMRKTSGLAGFPKRDESVHDAFGAGHSSTSISAGLGMAVGRDLLGKNNNVISVIGDGAMTAGQAYEAMNNAGFLDANLIVVLNDNKQVSLPTATLDGPATPVGALSSALSKLQASTKFRKLREAAKSITKQIGPQAHEVAAKVDEYARGMISASGSTLFEELGLYYIGPVDGHNIEDLVSIFEKVKSMPAPGPVLIHIVTEKGKGYPPAEAAADRMHGVVKFDVATGKQFKTKSPTLSYTQYFAEALIKEAEVDNKIVAIHAAMGGGTGLNYFQKRFPERCFDVGIAEQHAVTFAAGLAVEGLKPFCAIYSSFLQRGYDQVVHDVDLQKLPVRFAMDRAGLVGADGPTHCGAFDITYMACLPNMVVMAPSDEAELTHMVATAAAIDDRPSCFRFPRGNGIGVELPPFNKGVPIEVGKGRVLLEGTRVAILGYGSIVQECLGAATLLQEHNVSATVADARFCKPLDVELIRRLANEHEILLTVEEGSVGGFGSHVAHFLSLNGLLDGKLKLRAMTLPDRYIDHGAPRDQLEEAGLSSKHICSTLLSLLGKPKEALQYKSVM",2157,"atggctgttgcaggttgttctatggacatgcatctcacttcatctccatacatcacaatcccaccactccacaaattcacaagaaaattaaatcgctcgtttcggattaacgcgtcttcggcctctggagaggccgaagacgtgaagttgacagtgaacaaggatacaacgagtaggaaaatagatttctcgggcgagaaacccaagacaccattgcttgacaccataaattatcctgtccacatgaaaaacctctccacaaaggatctagaacagttggcagccgaactgcgagttgatatagtgtattcagtggcgaatacaggtgggcatttgagttcaagtttaggagtcgtggaattggctgtggctttgcaccatgttttcaacaccccagaggataggatcatatgggatgttggtcaccaggcatacccacataagattctgacagggagaaggtcaaagatgcacaccatgaggaaaacatcagggttagctggttttcctaaaagagatgagagtgttcatgatgcttttggtgcaggacatagttccacaagcatctctgccggcctaggtatggctgtcggaagagatttattagggaagaacaacaatgtgatatcagttattggagatggcgcaatgacggcaggacaagcatacgaggccatgaataatgcaggcttccttgatgcgaatctaatcgttgtgttaaacgataacaagcaagtttcattacctacagccaccttggacggaccagcaacccccgtcggagctctcagtagcgcgttatccaaattgcaagccagtaccaagtttcgtaagcttcgtgaagctgccaagagcatcactaagcaaataggacctcaagctcatgaagtggctgcaaaagttgatgaatatgcgaggggtatgattagtgctagcgggtcaactttattcgaagagcttggtttatactacattggtccagttgatggtcacaatattgaagatttagtgtctattttcgagaaagtgaagtcgatgccagcccctggacctgttttgattcatatcgtgactgaaaaagggaagggttaccctcccgctgaggcagctgctgatagaatgcatggagttgtgaagtttgatgttgcgacgggaaaacagtttaagacaaaatcccccacactctcgtatactcagtactttgcagaagcacttataaaagaagccgaggtagataacaagattgtagctatacatgcagccatgggaggcgggaccggacttaattacttccagaagaggtttcctgaacgttgttttgacgttggcatcgccgaacaacatgcagttacttttgcagccggtttggcagtcgaaggtcttaagccattttgtgccatctattcgtcgtttttacaacgaggctatgatcaagtggtgcatgatgttgatcttcagaagttaccagttagatttgcgatggatagagcgggtttagttggggcagatggaccgacgcattgtggagcatttgacataacctacatggcgtgcctgccaaacatggtagtgatggctccatcagacgaagccgaactgactcacatggttgccacggctgcagccattgacgacaggccgagttgctttagattcccaagaggaaacggcattggagtagagcttcctccttttaacaaaggagttcccattgaggtcggtaagggaagagtcctacttgaaggaactagagttgcaatactgggatatggttccatagttcaagaatgtctaggtgcagctacattgcttcaagaacataacgtgtctgcaacagtagccgatgcccggttttgcaagccgttagatgtagaactaatcagaagattagccaacgagcacgaaatcttactgacagtagaggaaggctcggttggtggttttggatcacacgtcgctcactttctgagcttaaatggtcttttagacggaaaactcaagcttagagcaatgactctacctgatagatatattgatcatggagcgccgcgagatcagcttgaagaagccggtctttcttcgaaacatatttgttcaacacttttatcgctcttgggaaagcctaaagaagcactccagtacaagtcagtaatgtaa","han_M00096;C5 isoprenoid biosynthesis, non-mevalonate pathway"
"LOC110895497","Upregulated",46,"110895497;CDS;T05101","(RefSeq) geranylgeranyl pyrophosphate synthase, chloroplastic","K13789;geranylgeranyl diphosphate synthase, type II [EC:2.5.1.1 2.5.1.10 2.5.1.29]","han;Helianthus annuus (common sunflower)","han00900;Terpenoid backbone biosynthesis;han01100;Metabolic pathways;han01110;Biosynthesis of secondary metabolites","KEGG Orthology (KO) [BR:han00001];09100 Metabolism;09109 Metabolism of terpenoids and polyketides;00900 Terpenoid backbone biosynthesis;110895497;09180 Brite Hierarchies;09181 Protein families: metabolism;01006 Prenyltransferases [BR:han01006];110895497;Enzymes [BR:han01000];2. Transferases;2.5;Transferring alkyl or aryl groups, other than methyl groups;2.5.1;Transferring alkyl or aryl groups, other than methyl groups (only sub-subclass identified to date);2.5.1.1;dimethylallyltranstransferase;110895497;2.5.1.10;(2E,6E)-farnesyl diphosphate synthase;110895497;2.5.1.29;geranylgeranyl diphosphate synthase;110895497;Prenyltransferases [BR:han01006];Terpene biosynthesis;Prenyl diphosphate synthase;110895497","12:82902374..82903877","Pfam: polyprenyl_synt UbiA","NCBI-GeneID: 110895497;NCBI-ProteinID: XP_021998516",361,"MNLVNPTSLFYGAPVVSRSPIFLHPTRKSQPFSSFSSNFSSISAILTKEQQSNPPEKQQLKQTHMELSFDFKNYMLEKADLVNQALNDAVPVKNPPKIHESMRYSLLAGGKRVRPVLCLAACALVGGEESTAMPAACAVEMIHTMSLMHDDLPCMDNDDFRRGKPTNHMVYGEEVAVLAGDALLSFAFEHIATSTKGVSSDRILRAIGELAKCIGSEGLVAGQVVDICSEGADVGVDHLEFIHLHKTAALLEGSVVLGAIMGGGSDVEIEKLRKFARSIGLLFQVVDDILDVTKSSEELGKTAGKDLVSDKTTYPKLLGIDKSREFAEELKEEAIEQLSEFDQRKAAPLIALANYIAYRQN",1086,"atgaatctggtaaaccccacatctttgttttacggagcacccgttgtttcaagatccccaatcttcctccacccgaccagaaagtctcaacccttttcatctttttcctccaatttctcttcaatctctgcaattttgaccaaagaacagcagtcaaacccaccggaaaaacaacaactcaaacaaacccatatggaattatcatttgatttcaaaaactacatgttggaaaaagcggatttggtaaaccaggcgctaaacgacgccgttccggttaaaaacccgccgaaaatccacgagtccatgcggtattctctcctcgccggaggaaaacgcgtccggccggttttatgcctcgccgcgtgtgcactcgtcggcggcgaggaatccaccgccatgcccgccgcctgtgcggtggagatgatccatacgatgtcgttaatgcatgatgatcttccctgcatggataacgacgatttccggcgaggaaaaccgacgaaccacatggtctacggcgaagaagtcgccgtactcgccggcgacgcgttgctatcgttcgcattcgaacacattgccacttccacaaaaggggtttcatcggatcggatcctccgggctatcggagaacttgccaagtgtatcggatccgaggggcttgttgccggtcaggtggtggatatatgctcggaaggtgcggatgttggagttgaccacttggagttcatacatttgcacaaaacggcagcgttgcttgaggggtcggttgtgttgggtgcaataatgggtggtgggtcggatgtggagatagagaagcttaggaagtttgcacggtcgatcgggcttttgtttcaggtggtggatgatattcttgatgtgacaaagtcgtcggaggagttggggaagactgccgggaaggatttggtgtcggataagacgacgtatccgaagctgttggggatcgataagtctcgcgaatttgcggaggagttgaaggaggaggcgatagaacagttgtcggagtttgatcagcggaaggcggcgccgttgattgctcttgctaattatattgcttataggcagaattga","han_M00366;C10-C20 isoprenoid biosynthesis, plants"
"LOC110900233","Downregulated",47,"110900233;CDS;T05101","(RefSeq) 4-hydroxy-3-methylbut-2-en-1-yl diphosphate synthase (ferredoxin), chloroplastic isoform X1","K03526;(E)-4-hydroxy-3-methylbut-2-enyl-diphosphate synthase [EC:1.17.7.1 1.17.7.3]","han;Helianthus annuus (common sunflower)","han00900;Terpenoid backbone biosynthesis;han01100;Metabolic pathways;han01110;Biosynthesis of secondary metabolites","KEGG Orthology (KO) [BR:han00001];09100 Metabolism;09109 Metabolism of terpenoids and polyketides;00900 Terpenoid backbone biosynthesis;110900233;Enzymes [BR:han01000];1. Oxidoreductases;1.17;Acting on CH or CH2 groups;1.17.7;With an iron-sulfur protein as acceptor;1.17.7.1;(E)-4-hydroxy-3-methylbut-2-enyl-diphosphate synthase (ferredoxin);110900233;1.17.7.3;(E)-4-hydroxy-3-methylbut-2-enyl-diphosphate synthase (flavodoxin);110900233","2:168447256..168453473","Pfam: GcpE","NCBI-GeneID: 110900233;NCBI-ProteinID: XP_035841441",210,"MFWVSQVKARKYHMSSKPVPVPNFPADRRAEFEQLEYTDDDYQKELEHIEKVFVPLVEKCKKYGRAMGIGTNHGSLSDRIMSYFGDSPRGMVESAFEFARICRKLDFHNFVFSMKASNPVIMVQAYRLLVAEMYVQGWDYPLHLGVTEAGEGEDGRMKSAIGIGTLLQDGLGDTIRVSLTEPPEEEIDPCRKLANLGMKASQILQGVVSP",633,"atgttctgggtgagtcaggtcaaggcaaggaaatatcatatgagctcgaaaccggtaccggtaccgaatttcccagctgatcggcgtgccgaatttgagcagctggagtatacagatgatgattatcaaaaggaacttgagcatattgagaaggtttttgtccccttggttgaaaaatgcaagaaatacggaagagcgatgggtattggaacaaatcacgggagtctttcagatcgtatcatgagttactttggtgattctcctaggggaatggttgaatctgcatttgagtttgcaagaatctgcaggaaattagacttccataactttgtattttcaatgaaagcaagcaatcctgtgattatggttcaagcatatcgtcttcttgtagccgaaatgtatgttcagggttgggactatcctttgcatttgggagtcaccgaagctggtgagggtgaagatggacgtatgaaatccgcaatcggtatcgggacacttcttcaggatggtcttggtgatactataagagtttcgcttaccgaacctccagaggaagaaatagacccgtgtaggaaattagccaatcttggtatgaaagcatcccaaattttacaaggggtggtatctccataa","han_M00096;C5 isoprenoid biosynthesis, non-mevalonate pathway"
"LOC110900237","Downregulated",48,"110900237;CDS;T05101","(RefSeq) CAAX prenyl protease 2 isoform X1","K08658;intramembrane prenyl-peptidase [EC:3.4.26.1]","han;Helianthus annuus (common sunflower)","han00900;Terpenoid backbone biosynthesis;han01110;Biosynthesis of secondary metabolites","KEGG Orthology (KO) [BR:han00001];09100 Metabolism;09109 Metabolism of terpenoids and polyketides;00900 Terpenoid backbone biosynthesis;110900237;09180 Brite Hierarchies;09181 Protein families: metabolism;01002 Peptidases and inhibitors [BR:han01002];110900237;Enzymes [BR:han01000];3. Hydrolases;3.4;Acting on peptide bonds (peptidases);3.4.26;Glutamic endopeptidases;3.4.26.1;intramembrane prenyl-peptidase Rce1;110900237;Peptidases and inhibitors [BR:han01002];Glutamic peptidases;Family G5: prenyl protease 2 family;110900237","1:complement(143307117..143319524)","Pfam: Rce1-like","NCBI-GeneID: 110900237;NCBI-ProteinID: XP_022002837",315,"MESYSGTGGVPAPLAIIACIGMTILYVAILYSPTLILRLPPPSSFKTFMIRRFICAGISTVISLVVCAFILPIKRWNMSYLLSAYGIRLHHTWEAVVFPLCLTSLMYIGSFILKILSIWSSWAEHGDRQIDISFHGLKSGLQNLINWMVSAVYDISVWRMYIVAPVTEELVFRGCMISLLLCGGFKAYTVILLSPVLFSLAHLNHLLEYYMQQNTSLLKASMVVGFQLGYTVIFGSYASFLFVRTGHIAAPLVSHMFCNIMGLPAFFSRRTWLVSVGFVAGAISFVYLLFPLTSPALYNDRTDNCECWHTYCYWT",948,"atggagtcatactccggcaccggtggtgttccggcaccgctagcaatcatagcatgtatcggtatgactatcttgtacgtcgcaatcctctactcccccacattaatcctccgtctcccgcccccttcatctttcaaaaccttcatgatccgacggttcatttgcgccggtatctccaccgtcatttcacttgttgtctgcgcctttattcttcctataaagaggtggaacatgtcctacttgcttagtgcttatggtatccgtctacaccacacgtgggaagctgtggtttttcctctttgcctgacttctttaatgtatatcggctcgtttatcctcaaaattttatcaatttggagctcgtgggccgaacatggggaccgtcagatagatatatcatttcatggcttaaagagtggtcttcaaaacctcattaactggatggtttcagccgtttacgatatttcagtttggagaatgtatattgtggctcccgttacggaagagttagttttcagaggttgtatgatatctttacttctatgtggaggatttaaagcatatacagtaatacttctctctcctgttctttttagcctagctcacttgaaccatttattggagtactacatgcaacaaaataccagcttgctgaaagcttccatggttgtaggtttccagctgggctacacagtgatatttgggtcatatgcatcatttctctttgttcgaactggacatatagcagcgccactcgtgtcacatatgttctgcaacatcatgggacttcctgccttcttttcacgaagaacatggttggtgagcgtgggatttgtagcaggggcgataagctttgtatatcttttgtttccgcttacttctccagcgttgtacaatgatagaaccgacaattgcgaatgctggcacacttactgctattggacttag",NA
"LOC110909088","Upregulated",56,"110909088;CDS;T05101","(RefSeq) dehydrodolichyl diphosphate synthase 6","K11778;ditrans,polycis-polyprenyl diphosphate synthase [EC:2.5.1.87]","han;Helianthus annuus (common sunflower)","han00900;Terpenoid backbone biosynthesis;han01110;Biosynthesis of secondary metabolites","KEGG Orthology (KO) [BR:han00001];09100 Metabolism;09109 Metabolism of terpenoids and polyketides;00900 Terpenoid backbone biosynthesis;110909088;09180 Brite Hierarchies;09181 Protein families: metabolism;01006 Prenyltransferases [BR:han01006];110909088;Enzymes [BR:han01000];2. Transferases;2.5;Transferring alkyl or aryl groups, other than methyl groups;2.5.1;Transferring alkyl or aryl groups, other than methyl groups (only sub-subclass identified to date);2.5.1.87;ditrans,polycis-polyprenyl diphosphate synthase [(2E,6E)-farnesyl diphosphate specific];110909088;Prenyltransferases [BR:han01006];Terpene biosynthesis;Prenyl diphosphate synthase;110909088","14:complement(114856664..114858280)","Pfam: Prenyltransf","NCBI-GeneID: 110909088;NCBI-ProteinID: XP_022009787",324,"MEVNPIITTDNSLKKMEEERSESIMTKFLADLNITARKLLFRVISTGPIPQHIAFIMDGNRRFAKKWKLTEGGGHKAGFLSLMSVLKYCYEIGVKYVTVYAFSIDNFNRRPDEVQYVMDLMQEKIEGFMKELTIVNRYGVRVLFIGDLKRLYEPVRVAAEKAMEATANNTHTYLLVCVAYTSSHEIPRAVYESCEEKSGGTGVMINGNGSVNGDYSEEKSGGTGVMVNGNGSVNGDYSNGDHEEGVKVVDIDKHMYMAVAPDPDILVRSSGETRLSNFLLWQTTNCVLYSPKALWPEMGLWQVVWGILKFQKHYKYLEKKKKQA",975,"atggaagtgaatccgatcattacaactgataattctttgaaaaagatggaagaagaaagatcagaaagtattatgaccaagttcttagcagacttaaatataactgcaagaaaactcctttttcgggtcatttccaccggcccgattccacaacatatagcattcatcatggatggaaaccggaggttcgccaagaaatggaagctaaccgagggtgggggccacaaagccggattcttgtcgctcatgtcggttctaaaatattgctatgaaataggtgtgaagtatgtgacagtttacgcattcagtattgataacttcaataggcgcccggatgaagtacaatatgtaatggacttgatgcaagaaaagattgaagggtttatgaaagaattaacaattgtgaacaggtatggtgttagagtcttgtttatcggcgatcttaaaaggttatacgagcccgttagagttgcagccgagaaagcaatggaggccactgctaacaacacacatacatatcttttagtatgtgttgcttacacttcttcacacgaaatcccgcgtgccgtttatgaatcttgcgaagaaaagagtggtggaaccggagttatgattaatggaaatggaagtgtgaacggagattacagtgaagaaaagagtggtggaaccggagttatggtgaatggaaatgggagtgtgaatggagattacagtaatggagatcatgaggagggggttaaagtggtggatattgacaaacatatgtatatggcagtggctcctgatcctgatattttggtcaggagctcaggggagacgaggttgagtaactttttgctgtggcaaaccaccaactgcgtgttgtattcgccgaaagcgttgtggccggagatgggactgtggcaggtggtttgggggatcttgaagtttcagaagcattataagtatttggagaagaagaagaagcaggcttga",NA
"LOC110915577","Upregulated",60,"110915577;CDS;T05101","(RefSeq) probable 1-deoxy-D-xylulose-5-phosphate synthase 2, chloroplastic","K01662;1-deoxy-D-xylulose-5-phosphate synthase [EC:2.2.1.7]","han;Helianthus annuus (common sunflower)","han00730;Thiamine metabolism;han00900;Terpenoid backbone biosynthesis;han01100;Metabolic pathways;han01110;Biosynthesis of secondary metabolites","KEGG Orthology (KO) [BR:han00001];09100 Metabolism;09108 Metabolism of cofactors and vitamins;00730 Thiamine metabolism;110915577;09109 Metabolism of terpenoids and polyketides;00900 Terpenoid backbone biosynthesis;110915577;Enzymes [BR:han01000];2. Transferases;2.2;Transferring aldehyde or ketonic groups;2.2.1;Transketolases and transaldolases;2.2.1.7;1-deoxy-D-xylulose-5-phosphate synthase;110915577","3:complement(37314294..37319581)","Pfam: DXP_synthase_N Transket_pyr Transketolase_C E1_dh TPP_enzyme_C Transketolase_N Transketolase_C_1","NCBI-GeneID: 110915577;NCBI-ProteinID: XP_022015994",726,"MASSSALKGMFMISPLAKEGYGSSLLNPSANAAAQPSKRKFTGIVAVAKENAANETVQIKRVNGGPSTVLRYTGEKPATPILDTIDEPIHMTSLGVEELERLADELREEIVYTVSKTGGHLSSNLGVAELTVSLHHVFNTPKDKIIWDVGHQSYPHKILTGRRSKMGTIRQTGGLAGFPKRDESKHDAFGVGHSSTSISAGLGMAVGRDLLGKDNHVIAVIGDGAMTAGQAYEAMNNAGGVESNLIIVLNDNRQVSLPTANLDGPCPPVGALSRSLTRLQTSRKFRQLREVVKGVTKNLGEQTHEVAAKMDSYMRGMMGGQGASMFEELGLYYVGPVDGHNVEDLVYVFNKIKSMPNPGPVLVHIVTEKGKGYPPAEIADDKMHGVVKFDTQSGKQLKTKGKTVSYTQYFADALVAEAERDDQIVAIHAAMGGGTGLNTFENKFPKRCFDVGIAEQHAVTFAAGLATEGLKPFCAIYSSFLQRGYDQVVHDVDLQKLPVRFALDRAGLVGADGPTHCGAFDTTFMACLPNMVVMAPSDESELMHMVATAAAIDDRPSCFRYPRGNGIGSLLPPNNKGTPLEVGRGRILKQGSRVALLGYGTIVQSCLAASELLKELGISVTVADARFCKPLDGRLIRQLAKEHEVLITLEEGSIGGFSSHVAHYMALNGLLDGNLKWRAMTLPDRYIEHGDQTYQIEEAGLAPKHIAAQVLSLIGNNKESVHLINV",2181,"atggcttcctctagtgctttgaagggtatgtttatgatctcgcctctagcgaaagaaggttacggttctagtttgcttaatccatccgcaaatgcagccgcccagccaagcaagcgaaagtttactggtatcgtggctgtcgcaaaggagaatgcggctaatgaaaccgtacaaataaaaagagtgaatgggggaccgtctactgtcctcaggtatacgggggagaaaccggccacaccgatcttggacaccatcgatgaaccaatacatatgacaagtcttggagtcgaggaactcgaaagactggctgatgagcttcgagaagagatcgtctatacggtttctaagaccgggggtcatctgagctcaaatttaggagtggccgaactaaccgtctcactccaccatgttttcaacacccccaaggacaagatcatttgggatgttggccaccagtcctacccacataagatattgaccgggaggcgatcgaaaatggggacaattcgacaaacaggtggacttgcgggtttcccaaaaagagatgagagtaaacatgacgcctttggtgttggtcatagctcgactagcatttctgcgggtttaggaatggccgttggtcgagacttgttgggaaaagacaaccatgtaattgcggtgattggagacggagccatgactgcaggacaagcatacgaagctatgaacaatgctggtggtgtggagtccaatctaatcatagttttgaacgacaaccgccaagtctcccttccaaccgcgaatcttgatggtccgtgcccaccagttggtgctcttagtcgatccctcacaaggctacaaactagtagaaagttccgccaactacgtgaagtcgttaagggggtgacaaagaatttaggagaacaaacacatgaagtagcagccaaaatggactcttacatgaggggaatgatgggtggtcaaggagcttcaatgtttgaagagcttgggctctattatgttggccctgtggatggacacaatgttgaggatcttgtctatgttttcaacaagatcaagtcaatgccaaatccaggaccagttctagttcacattgttactgagaaaggcaaaggctaccctccagccgaaattgcagacgataagatgcatggagttgtgaaatttgacacgcaatcagggaagcagttgaaaacaaagggtaagactgtatcgtatacacaatattttgcggatgctttggtcgctgaggccgaaagagatgaccaaatagttgctattcatgcggctatgggaggaggcaccggtcttaatacgttcgaaaataagtttccaaagaggtgtttcgatgttggcatagctgagcagcatgcggtcacctttgctgcgggtttggcaaccgaagggctcaaaccattttgtgctatttattcttcctttctccaaagaggttacgatcaagtagttcatgatgttgatcttcaaaagcttccagtgagattcgcattggatcgggctggtttggtaggcgcggatggtcctactcattgtggtgcatttgatacaacctttatggcctgtttaccaaacatggtggtgatggctccttctgatgagtccgaactaatgcatatggttgcaacagctgcggccatagatgaccgtcccagctgctttaggtaccccagaggcaatggcataggctcactactcccaccaaataacaaaggaactccacttgaggttggaagaggcagaatacttaagcagggaagtagagtggccttattgggatatggaaccatagtgcaaagttgtttagccgcaagcgagcttcttaaagagcttggaatctcagtgacagtcgcagatgcacgattttgcaagccgttagatggaagattaataagacaactagcgaaagaacacgaggtcctcatcactcttgaagaaggttccattggaggattcagctcacatgttgcacattacatggccttgaatggtttacttgatggaaacctcaagtggagggctatgacattacctgatcgatatatcgaacatggggatcaaacataccagattgaggaggccggtcttgccccaaaacatattgctgcacaagttttatcgttaatcggaaataacaaggagagtgtgcaccttatcaatgtatag","han_M00096;C5 isoprenoid biosynthesis, non-mevalonate pathway"
"LOC110915593","Upregulated",61,"110915593;CDS;T05101","(RefSeq) 3-hydroxy-3-methylglutaryl coenzyme A reductase 2-B","K00021;hydroxymethylglutaryl-CoA reductase (NADPH) [EC:1.1.1.34]","han;Helianthus annuus (common sunflower)","han00900;Terpenoid backbone biosynthesis;han01100;Metabolic pathways;han01110;Biosynthesis of secondary metabolites","KEGG Orthology (KO) [BR:han00001];09100 Metabolism;09109 Metabolism of terpenoids and polyketides;00900 Terpenoid backbone biosynthesis;110915593;Enzymes [BR:han01000];1. Oxidoreductases;1.1;Acting on the CH-OH group of donors;1.1.1;With NAD+ or NADP+ as acceptor;1.1.1.34;hydroxymethylglutaryl-CoA reductase (NADPH);110915593","16:203697359..203704166","Pfam: HMG-CoA_red","NCBI-GeneID: 110915593;NCBI-ProteinID: XP_022016011",595,"MDVRRRPVKNQSHQRPVKQPTAGELLKAYNQPKPSDALPLPLYLTNGLFFTIFFSVMYFLLHRWREKIRNSVPLHVLTFSELAAVASLIASVVYLVGFFGIEFVQSIFRPSPDSWEIEDDSLDQIMLAEDKPTKQCGELLIPRIVAATTEVAEMTKENNKEKIKPPPVTDHSSSWSVEDEEIVKLVVDGSLPSYSLESKLGDCKRAAKIRREALQRITGKSLSGLPLEGFDYESILGQCCEMPVGYVQIPVGIAGPLLLNGAEFSVPMATTEGCLVASTNRGCKAIYVSGGATCILMKDGMTRAPVVRFSSVKRAAELKQFLEDPMNFETLALVFNKSSRFGRLQSVKCAIAGKNLYIRFCCATGDAMGMNMVSKGVQNVLDFLHDDFPDMDVMGISGNYCSDKKPAAVNWIEGRGKSVVCEAVIKEEVVHKVLKTTVPALVELNMLKNLTGSAMAGALGGFNAHASNIVSAVYLATGQDPAQNVESSHCITMMEAVNDGKDLHISVSMPSIEVGTVGGGTQLASQSACLNLLGVKGASKDEPGSNARVLATIVAGSVLAGELSLMSAISAGQLVKSHMKYNRSTRDMSKLTSSN",1788,"atggacgttcgccggcgaccggtcaagaaccaatcccatcagcggccggtaaaacaaccaaccgccggcgaacttctaaaagcctacaaccaaccaaaaccctccgacgccctccctctcccactttacctaaccaacggcctcttcttcaccatcttcttctccgtcatgtacttcctcctccatcgatggcgcgagaagatccgcaactccgtccctctccacgtcctcaccttctcggagctcgccgccgtagcgtccctcatcgcctccgtcgtctatctcgtcggcttctttggcatcgaatttgtccaatctatcttcagaccatctcccgactcatgggagatagaagatgatagtttggatcaaatcatgttggccgaagataagccaactaaacaatgcggggaattattaattccccgcattgtggctgccactactgaggtggcggagatgacaaaagaaaataataaagaaaaaataaaaccaccaccggttactgatcactcatcctcctggtcagtggaggatgaggagattgtaaaactggtggtggatgggtccctcccgtcgtactctctcgagtcaaaactcggagactgcaaacgcgcagcaaagatacgacgggaggcgctgcagcggataactgggaagtcgttgtctgggcttccgctagaagggtttgattacgagtcgatattgggacagtgttgtgagatgccggttgggtatgtgcagattccggtggggattgcggggccgttgttgttgaatggggcggagttttcggtcccgatggcgacgacggaaggttgtttggtggcgagcaccaatagagggtgtaaggctatatacgtctccggtggtgccacgtgtatattgatgaaagacggcatgacgagggctccggtggttaggttcagcagcgtaaagagagcggcggagttgaagcagttcttggaagatccgatgaatttcgaaactcttgcccttgtgtttaacaaatcaagcagatttggaaggctacaaagtgttaaatgtgccattgctggcaagaatctatacataaggttttgttgcgcaaccggagatgcgatggggatgaacatggtctcgaaaggtgtccaaaacgtccttgatttccttcatgacgatttcccagatatggatgtcatgggcatttctggaaactattgttcagataagaaacctgcagcggtaaactggatagaagggcgtggaaagtccgtggtatgcgaggcggtgatcaaagaagaagtggttcataaggtgctgaaaacaactgtcccagctctagttgagcttaacatgctcaagaatctaacaggatctgcgatggctggtgcactcggaggctttaatgcacatgctagcaatatagtctccgcagtgtacctagcgaccgggcaagatcctgctcagaatgttgagagctctcattgcattactatgatggaagccgtaaatgacggcaaagatcttcatatatcggtcagcatgccttccatagaggttggaacagttggaggtggtacacagcttgcttcacagtcagcatgtttaaacctattaggtgtcaaaggtgcaagcaaagatgagccagggtcaaacgctagggtgttagccacaatagtagctggttcagtccttgctggtgagctctctctgatgtcagcaatatcagctggtcagcttgtcaagagccacatgaaatacaatagatccaccagagatatgtccaagttaacctcctctaattag","han_M00095;C5 isoprenoid biosynthesis, mevalonate pathway"
"LOC110916735","Upregulated",64,"110916735;CDS;T05101","(RefSeq) probable 1-deoxy-D-xylulose-5-phosphate synthase 2, chloroplastic","K01662;1-deoxy-D-xylulose-5-phosphate synthase [EC:2.2.1.7]","han;Helianthus annuus (common sunflower)","han00730;Thiamine metabolism;han00900;Terpenoid backbone biosynthesis;han01100;Metabolic pathways;han01110;Biosynthesis of secondary metabolites","KEGG Orthology (KO) [BR:han00001];09100 Metabolism;09108 Metabolism of cofactors and vitamins;00730 Thiamine metabolism;110916735;09109 Metabolism of terpenoids and polyketides;00900 Terpenoid backbone biosynthesis;110916735;Enzymes [BR:han01000];2. Transferases;2.2;Transferring aldehyde or ketonic groups;2.2.1;Transketolases and transaldolases;2.2.1.7;1-deoxy-D-xylulose-5-phosphate synthase;110916735","3:complement(37393465..37400293)","Pfam: DXP_synthase_N Transket_pyr Transketolase_C E1_dh TPP_enzyme_C Transketolase_N Transketolase_C_1 Peripla_BP_4","NCBI-GeneID: 110916735;NCBI-ProteinID: XP_022017109",725,"MALCGALRGGFVPIAQNGYTSSSLLSSSANASMPSNKRKFTGIVAVAKDNASNEQEDLAIVNGTASVTLKYSGEKPKTPILDTINYPIHMKNLCLEELVHLAEELREEIVYTVSKTGGHLSSSLGVVELTVSLHHVFNTPEDKIIWDVGHQAYPHKILTGRRSRMRTIRQTCGLAGFPKRDESVHDAFGAGHSSTSISAGLGMAVGRDLLGKNNHVVAVIGDGAMTAGQAYEAMNNAGYLDSNLIIVLNDNRQVSLPTATLDGPAPPVGALSRSLTKLQTSRKFRELREAAKGVTKQLGDKTHELATKMDTAIKGMVGGQGASMFEELGLYYVGPVDGHNLEDLVHVFDKIKSMPAPGPVLVHIVTEKGKGYPPAEVAADKMHGVVKFDTQTGKQVKTKTKTLSYTQYFADSLVAEAKEDEKIVAIHAAMGGGTGLNTFQKVFPARCFDVGIAEQHAVTFAAGLATEGLKPFCAIYSSFLQRGYDQVVHDVDLQKIPVRFAMDRAGLVGADGPTHCGAFDTAFMACLPNMVVMAPSDEAELMHMVATAAAIDDRPSCFRYPRGNGIGTLLPPNSKGTPLEVGRGRVIKEGSRVALLGYGTIVQSCLAASELLQTIGISVTVADARFCKPLDGNLIKKLANEHEVLITVEEASIGGFSSHVSHFLALNGLLDGNLKWRAMTLPDRYIDHGAQSDQIEEAGLSPKHIAATVLSLIGGSKEMLHAVNV",2178,"atggctttatgtggtgctttgaggggtggatttgttcccatagctcaaaatggttacacttcttctagtttgcttagttcatccgccaacgcgagcatgccatcaaacaaacgaaagtttactggaatcgtagctgttgcaaaagacaatgcgagtaatgaacaagaggacctagcaatagtgaatgggactgcatctgttaccctcaagtattccggggagaaacccaaaactccgatcttggataccattaattatccaattcacatgaaaaatctttgtttagaggagcttgtacatttagctgaggaactccgagaagagatcgtatatacagtgtcaaagaccgggggtcacttgagttcgagcttgggtgtggttgagttaactgtctcactccatcatgtttttaacacgcccgaagataagatcatctgggatgttggacatcaggcgtacccacacaaaatattgacaggaaggaggtcaagaatgagaacgattagacaaacgtgtggactcgcaggcttcccaaagagagatgagagtgttcatgatgcttttggcgcaggccatagctctactagcatttctgcaggtttaggaatggcagttggtagagatttgctaggaaagaacaaccatgtagtcgcagtgattggggatggagccatgactgcaggacaagcatacgaggctatgaataatgcaggctaccttgactccaatctcatcatagtcttgaatgacaaccgccaagtctccctacccacagctactcttgatggtcctgcaccgccagtcggggctctcagtcgatccctcacaaagctacaaaccagccgcaagtttcgcgaattacgtgaagccgcaaagggagtaacgaagcaattgggagataaaacacatgaacttgcaacaaaaatggatactgccataaaaggaatggttggtggtcaaggagcttctatgtttgaagagcttgggctttattatgttggtccagtagacggacacaatcttgaagatcttgtccatgttttcgataagattaagtccatgccagctccaggacctgttctagtccacattgtaactgagaaaggcaaaggttaccccccggctgaagttgcagccgataaaatgcatggtgttgtgaaattcgatactcaaaccggaaaacaagtgaaaactaagacgaaaacactctcctatactcaatattttgcggattcgttggtagccgaagcgaaggaggatgaaaaaatagtggcgattcatgcggctatgggaggaggcacaggccttaacacattccaaaaagtgtttcctgcgaggtgttttgatgttggcatagccgagcagcatgcagtcacctttgctgctggtttagcaactgaagggcttaaaccattttgtgctatttattcatctttcctacaaagaggttatgatcaggtggttcatgatgttgatcttcaaaagattccagttagattcgctatggatagagctggtttggtcggagccgatggtccgactcactgtggtgcatttgataccgcattcatggcttgtttaccaaacatggtggtgatggctccttcagatgaggcagaactcatgcatatggttgcgacagctgcagccatcgatgatcgtcctagctgcttcaggtacccaagaggcaatggcattggcacattactcccaccaaatagcaaaggaaccccacttgaggttggaaggggacgggtgattaaagagggaagtagagtggccttattgggatatggcaccatagtacaaagttgtttagccgcaagcgagcttcttcaaacgatcggtatatccgtgactgtggcagatgcgcgattttgcaagccacttgatggaaatttgatcaaaaaactagcaaatgagcatgaggtcctcatcacagttgaagaagcctctataggaggatttagctctcatgtttctcatttcttggccttaaatggattacttgatggaaacctcaagtggagagcaatgactttacctgatagatatattgatcatggggctcaatctgaccagattgaggaggctggtctcagcccaaaacatattgcggcaacagttttatcattgattggcgggagcaaggagatgttacatgctgtcaatgtataa","han_M00096;C5 isoprenoid biosynthesis, non-mevalonate pathway"
"LOC110922150","Upregulated",70,"110922150;CDS;T05101","(RefSeq) hydroxymethylglutaryl-CoA synthase","K01641;hydroxymethylglutaryl-CoA synthase [EC:2.3.3.10]","han;Helianthus annuus (common sunflower)","han00280;Valine, leucine and isoleucine degradation;han00650;Butanoate metabolism;han00900;Terpenoid backbone biosynthesis;han01100;Metabolic pathways;han01110;Biosynthesis of secondary metabolites","KEGG Orthology (KO) [BR:han00001];09100 Metabolism;09101 Carbohydrate metabolism;00650 Butanoate metabolism;110922150;09105 Amino acid metabolism;00280 Valine, leucine and isoleucine degradation;110922150;09109 Metabolism of terpenoids and polyketides;00900 Terpenoid backbone biosynthesis;110922150;Enzymes [BR:han01000];2. Transferases;2.3;Acyltransferases;2.3.3;Acyl groups converted into alkyl groups on transfer;2.3.3.10;hydroxymethylglutaryl-CoA synthase;110922150","2:complement(131696563..131700684)","Pfam: HMG_CoA_synt_C HMG_CoA_synt_N ACP_syn_III_C","NCBI-GeneID: 110922150;NCBI-ProteinID: XP_022022159",455,"MAPQNVGILAMEIYFPPTCIQQDILEDFDGVSKGKYTIGLGQDCMAFCSEVEDVISMGLTAVTSLLEKYEVDPRQIGRLEVGSETVIDKSKSIKTYLMKVFEDCGNTDIEGVDSTNACYGGTAALFNCVNWVESNSWDGRYGLVVCTDSAVYAEGPARPTGGAAAIAMLIGPDAPIAFESKFRASHMSHVYDFYKPDLASEYPVVDGKLSQTCYLMALDSCYNGYCHKYEKLEGKQFSIVDADYFVFHSPYNKLVQKSFARLVFSDVVRNASSVDESVKEKLGQFTPLTGDESYQNRDLEKASQQAAKSYYDKKVQPGTLINKQVGNMYTASIYAAFASLIHNKYSSLDGNRVMMFSYGSGSSATMFSLHLSKGKSPFSLSNIAKVMNVDEKLKRRTELAPEKFVELMKVMEHRYGGKDFVTSKDASLLAPGTYYLTEVDSKYRRFYAKKTSEES",1368,"atggctcctcaaaatgtaggaattctcgccatggaaatctactttcctcctacatgtattcaacaggacatcctagaggattttgatggagttagtaaaggcaaatacaccatcggactcggacaagattgcatggcattttgttcagaggtggaagatgtcatctctatgggattgacagctgtcacgtcactacttgagaaatacgaggttgatcctagacaaattggtcggctggaagtaggcagtgaaaccgttatagacaagagcaaatccatcaagacttaccttatgaaagttttcgaggattgtgggaataccgacattgaaggcgttgattcaaccaatgcttgctacggtggaaccgcagcattattcaactgtgttaactgggtggaaagtaactcatgggatggacgctatggattggttgtttgtacagatagtgcagtctatgcagagggacccgctcgacctaccggaggtgcagctgctatcgcaatgctgattgggcccgacgcgcctatcgcatttgaaagcaaattcagggcaagtcatatgtctcatgtttatgacttttacaaacctgaccttgcaagcgaatatccggttgttgatggaaagctttctcaaacttgttatctcatggcattagattcttgctacaatggatattgtcacaagtacgagaaactagaaggaaaacagttttcgatcgttgatgccgactatttcgtatttcattctccttacaacaagcttgtacaaaagagctttgctcgattagtattcagtgatgttgttagaaacgccagttctgttgacgagtctgtcaaagagaagctcggacagttcacgccgttaacgggggacgagagctaccaaaaccgtgatcttgaaaaggcctcccaacaagcggcaaaatcatattacgataaaaaggttcagcccggaactttaatcaacaagcaagttggcaacatgtacacagcttctatatacgcagcctttgcgtcactcattcataacaaatatagctctctggacggtaatcgggtgatgatgttttcatatggaagtggatcatccgccacaatgttctcactccatctttccaagggtaaatcgccttttagtttgtcaaacattgcaaaggtgatgaatgttgacgagaagttgaagagaaggaccgagcttgcaccggaaaaatttgtcgaactcatgaaggtgatggaacacaggtatggaggcaaagattttgtgactagcaaagacgctagtcttctagcgccagggacctactacctcacggaagttgactccaagtacagacggttctatgcaaagaagacctctgaggagtcttaa","han_M00095;C5 isoprenoid biosynthesis, mevalonate pathway"
"LOC110926479","Upregulated",71,"110926479;CDS;T05101","(RefSeq) 3-hydroxy-3-methylglutaryl coenzyme A reductase 2-B","K00021;hydroxymethylglutaryl-CoA reductase (NADPH) [EC:1.1.1.34]","han;Helianthus annuus (common sunflower)","han00900;Terpenoid backbone biosynthesis;han01100;Metabolic pathways;han01110;Biosynthesis of secondary metabolites","KEGG Orthology (KO) [BR:han00001];09100 Metabolism;09109 Metabolism of terpenoids and polyketides;00900 Terpenoid backbone biosynthesis;110926479;Enzymes [BR:han01000];1. Oxidoreductases;1.1;Acting on the CH-OH group of donors;1.1.1;With NAD+ or NADP+ as acceptor;1.1.1.34;hydroxymethylglutaryl-CoA reductase (NADPH);110926479","17:complement(106720849..106723014)","Pfam: HMG-CoA_red DUF6111","NCBI-GeneID: 110926479;NCBI-ProteinID: XP_022025937",559,"MDVRRQSSHPTSHKQQMFKPNNKKMVDVSKASEPLPTSMAISNGIFFTVFFSVTYFLLIRWREKIRDSTPLHVVTMSEMAAIILFVASVIYLLGFFGMSFVQNDDEEEEEEEEEDTAALDCEPEVATKHKDLVKLQQETATVTEDDEALIQAVVAAKIPSYSLESKLGDCKRAAFIRRVALERITGKSLDGLPLEGFDYESILGQCCEMPVGYVQIPVGIAGPMLLDGKEFSVPMATTEGCLVASTNRGCKAIYVSGGATSVLLKDGMTRAPVVRFGTAKRAAELKLFLEEPLNFDTLASVFNKSSRFGRLQRIQCAIAGKNLYIRFTCSTGDAMGMNMVSKGVQNVLDYLQLDFPDMDVLGISGNYCSDKKPAAVNWIEGRGKSVVCEAIIKEEVVKKVLKTSVASLVELNMLKNLTGSAMAGALGGFNAHASNIVSAVYIATGQDPAQNIESSHCITMMEAVNDGKDLHVSVTMPSIEVGTVGGGTQLASQSACLNLLGVKGANKESAGSNARQLAKVVAAAVLAGELSLMSAIAAGQLVKSHMKYNRSSKDIAAKG",1680,"atggatgtccgtcgacaatcttcgcatcccacttctcataagcagcagatgtttaaacctaacaacaaaaagatggtggatgtctcaaaagcttctgaacctctaccaacttccatggcgatttcgaatggtattttctttactgtcttcttttcggttacatactttcttcttatccgatggcgtgaaaagattcgtgattccactccccttcatgtggtcaccatgtcggaaatggctgcgattatcttgtttgtggcatcggttatctacctactcggcttcttcgggatgagttttgttcaaaatgatgacgaagaagaagaagaagaagaagaagaggacaccgcagctctggattgtgaaccagaagtggctacaaaacacaaggatttggtgaaattacaacaggaaacagcaaccgtgactgaagacgatgaggcgctgatccaagcagtggttgctgctaaaatcccatcttactcgttggaatcaaagcttggagactgtaagcgtgctgctttcattaggcgagtggcgttggagaggataactgggaagtcgcttgacggtttgcctctagaggggtttgattacgagtccatattgggacagtgttgtgaaatgccggttggttatgttcagatacccgtgggtattgcaggcccgatgttgttggatggaaaggagttctcggtgcccatggccaccactgaaggttgtcttgttgctagcactaatcggggttgtaaggccatttatgtatctggtggtgccaccagtgtattactcaaggatgggatgactcgagctcccgtggttaggtttggaaccgcaaagagagctgctgagttgaagttgttcttggaggaaccgctcaacttcgacactcttgcttccgtttttaacaaatcaagccggttcgggagacttcaaagaatccaatgtgcgattgctgggaaaaatctatacataaggttcacttgcagcacaggtgatgcaatggggatgaacatggtttccaaaggtgttcaaaatgttttggactatctgcaacttgacttcccggatatggacgttcttggcatctcgggaaactattgttctgacaagaaaccggcagccgtcaactggatagaaggaagaggaaaatcagtagtatgtgaggcaatcataaaggaggaagttgtaaaaaaggtattgaagacaagcgtagcttcattggtggaattaaacatgctcaagaacctcactggatcagccatggcgggtgctcttggtgggttcaacgcccatgcaagtaacattgtgtccgctgtatatatcgccaccggtcaagacccagcacagaacattgaaagctcgcactgtatcaccatgatggaagctgtgaatgacggcaaagaccttcatgtgtctgtgaccatgccatccatagaggttgggacagtgggtggtggaactcagctagcttcacagtctgcttgcttgaacttgttgggagtgaagggtgcaaacaaagaatccgcaggatcgaatgcgcggcaattggctaaggttgtggccgcggctgttctagcgggtgagttgtctctcatgtctgcgatcgcggcagggcaacttgtgaagagccacatgaaatacaaccgttctagtaaagatattgccgccaagggttaa","han_M00095;C5 isoprenoid biosynthesis, mevalonate pathway"
"LOC110941772","Upregulated",85,"110941772;CDS;T05101","(RefSeq) geranylgeranyl pyrophosphate synthase, chloroplastic","K13789;geranylgeranyl diphosphate synthase, type II [EC:2.5.1.1 2.5.1.10 2.5.1.29]","han;Helianthus annuus (common sunflower)","han00900;Terpenoid backbone biosynthesis;han01100;Metabolic pathways;han01110;Biosynthesis of secondary metabolites","KEGG Orthology (KO) [BR:han00001];09100 Metabolism;09109 Metabolism of terpenoids and polyketides;00900 Terpenoid backbone biosynthesis;110941772;09180 Brite Hierarchies;09181 Protein families: metabolism;01006 Prenyltransferases [BR:han01006];110941772;Enzymes [BR:han01000];2. Transferases;2.5;Transferring alkyl or aryl groups, other than methyl groups;2.5.1;Transferring alkyl or aryl groups, other than methyl groups (only sub-subclass identified to date);2.5.1.1;dimethylallyltranstransferase;110941772;2.5.1.10;(2E,6E)-farnesyl diphosphate synthase;110941772;2.5.1.29;geranylgeranyl diphosphate synthase;110941772;Prenyltransferases [BR:han01006];Terpene biosynthesis;Prenyl diphosphate synthase;110941772","5:149523723..149524976","Pfam: polyprenyl_synt Terpene_synth_C","NCBI-GeneID: 110941772;NCBI-ProteinID: XP_022039128",364,"MISMSLVDSCVQTCSMFNVSSSHTFIGLICSKHNFKIHQTSRTSSRLFVTASLFNQKQQTLSVNCEKTSFDFQTYMVEKANSVNKALDESIPIKNPTIIHEAMRYSLLAGGKRVRPILCIAACELVGGNESTAMPAACALEMIHTMSLIHDDLPCMDNDDFRRGKYTNHKAYGEDVAILAGDSLLTFAFEHVSSSTVGASPARVLAAIVELANSMGTEGLVVGQVVDITSTGGDDIGPDLLEFIHVHKTASLLEASVVIGAILGGGSEPQVEKLRKFARCIGLLFQVVDDILDVTKSSEELGKTAGKDLVTNKMTYPKLMGLEKSKQFAEDLLVEAKQQLVEFESHRGVAPLVALADYIVYRQN",1095,"atgatatctatgagtttggttgattcatgcgttcaaacatgctccatgtttaacgtatcttcatcccatacattcatcggactaatttgtagtaaacacaacttcaagattcatcaaacatcccgaacctcttctagactttttgtcactgcttcacttttcaaccaaaaacaacaaactttgagtgtaaattgtgagaaaaccagcttcgatttccagacgtacatggtagaaaaagctaattctgttaacaaggcccttgatgaatcaattccaataaaaaatccaacaataatccatgaagctatgcggtactcgcttctcgcaggtgggaagcgtgtgagaccgatcctttgtatcgcagcatgcgagctcgtaggaggaaatgaatccaccgcgatgccagcagcgtgtgcgctcgagatgatacacacaatgtcattgattcatgatgaccttccttgtatggataacgatgattttcgccgcggaaagtacaccaatcacaaagcgtatggcgaagacgtggcgatccttgctggcgactcacttctcacctttgcttttgaacatgtttctagttctacagtcggggcgtcccctgcgcgtgtgttggctgctattgtggagctcgcgaactccatggggacagaagggttggtggtgggtcaagtggtggatatcacctccactgggggagatgacattggacctgacctgcttgagtttatccatgtccacaaaaccgcgtcgttgttggaggcgtctgtcgtgataggcgcgatactgggtggtgggagtgaaccgcaggtggaaaagttgaggaaatttgctaggtgtatcgggctgctgtttcaggtggtggatgatatattggatgtcaccaagtcgtccgaggaattggggaagaccgcggggaaggatttggtgacgaataagatgacatacccgaaactgatgggtttggagaagtcgaagcagttcgcggaggacttgttggtggaggcgaagcagcagctggtagagtttgaatcgcaccggggggtggctcctttggttgctcttgcggactatatagtctaccggcagaactga","han_M00366;C10-C20 isoprenoid biosynthesis, plants"
"LOC110941795","Downregulated",86,"110941795;CDS;T05101","(RefSeq) geranylgeranyl diphosphate reductase, chloroplastic","K10960;geranylgeranyl diphosphate/geranylgeranyl-bacteriochlorophyllide a reductase [EC:1.3.1.83 1.3.1.111]","han;Helianthus annuus (common sunflower)","han00860;Porphyrin metabolism;han00900;Terpenoid backbone biosynthesis;han01100;Metabolic pathways;han01110;Biosynthesis of secondary metabolites","KEGG Orthology (KO) [BR:han00001];09100 Metabolism;09108 Metabolism of cofactors and vitamins;00860 Porphyrin metabolism;110941795;09109 Metabolism of terpenoids and polyketides;00900 Terpenoid backbone biosynthesis;110941795;Enzymes [BR:han01000];1. Oxidoreductases;1.3;Acting on the CH-CH group of donors;1.3.1;With NAD+ or NADP+ as acceptor;1.3.1.83;geranylgeranyl diphosphate reductase;110941795;1.3.1.111;geranylgeranyl-bacteriochlorophyllide a reductase;110941795","5:complement(165493821..165495768)","Pfam: FAD_binding_3 Pyr_redox_2 GGR_cat Lycopene_cycl FAD_oxidored GIDA DAO FAD_binding_2 NAD_binding_8 HI0933_like Thi4 ThiF Pyr_redox TrkA_N 3HCDH_N MiaE_2 Pyr_redox_3","NCBI-GeneID: 110941795;NCBI-ProteinID: XP_022039152",462,"MASITLKSFTGLRHSSPENHHSTTSITTLPKSHHRRVKILASKSSPKLTGRNLRVAVVGGGPAGGAAAETLAKGGIETILIERKMDNAKPCGGAIPLCMVGEFDLPLDIIDRRVTKMKMISPSNVAVDIGQTLKPHEYIGMVRREILDAYLRDRATAAGATVINGLFTKLDKPLDKYAPYVIHYNEYDGKPGSAGKKVTMEVDAVIGADGANSRVAKNIDAGDYEYAIAFQERIKIPDDKMQYYENLAEMYVGDDVSPDFYGWVFPKCDHVAVGTGTVTHKPDIKKFQLATRLRARDKILGGKIIRVEAHPIPEHPRPRRLAERVALVGDAAGYVTKCSGEGIYFAAKSGRMCAEAIVEGSENGTRMVEEADLRKYLEKWDKTYWPTYKVLDILQKVFYRSNPAREAFVEMCADEYVQKMTFDSYLYKKVAPGNPLEDLKLAVNTIGSLVRANALRNEMAKI",1389,"atggcctccatcaccctcaaatccttcaccggcctccgccactcctcaccggaaaaccaccattccaccacctccatcaccactctccccaaatcccaccaccgccgtgttaaaatcctcgccagcaaatccagccccaaactcaccggccggaacctccgcgtcgccgtcgtcggcggcggtccggcaggcggcgccgccgcagaaaccctagccaaaggcggaatcgaaaccattctcatcgaacgcaaaatggacaacgcgaagccctgcggcggtgctattccgttatgcatggtcggagaatttgacctgccgttggatattatcgaccgccgtgtaaccaaaatgaaaatgatatctccgtcgaacgtcgccgttgacattggtcaaactcttaaaccccatgagtacatcggaatggtccgccgtgaaattcttgacgcttatctccgtgaccgcgccaccgccgccggcgccaccgtgatcaacggtttgtttacaaaattggataaaccgttggataaatacgcaccgtatgttattcattataacgagtatgacggaaaacctgggtccgccggtaaaaaggtaacgatggaagttgacgccgttatcggcgctgacggcgcaaattctcgtgtggcgaaaaatatcgacgccggagattacgagtacgcgatagcgtttcaggagagaatcaaaataccggacgataaaatgcagtattatgaaaatctcgccgagatgtacgtcggagatgacgtgtcaccggatttttacggttgggtgtttccgaagtgtgaccacgtggcggtcggaaccggtaccgttactcataagccggatattaaaaagtttcaattagccacacgcctacgcgcgcgtgacaagattttaggtgggaagattattcgggtggaggcccacccgattcctgagcacccccgaccgagacgactggctgagagagtcgccctggtcggggatgcggctgggtatgtgacgaaatgttcgggcgaggggatttattttgcggcgaagagtggacggatgtgcgctgaggcgatcgtggaggggtcggagaatgggacgaggatggtggaggaggcggatttgaggaagtatttggagaagtgggataagacttattggcctacttacaaggtgttggatattcttcagaaggtgttttatcggtcaaatccggctagggaggcgtttgtggagatgtgcgcggacgagtatgttcagaagatgacgttcgacagctatttgtacaagaaggttgcgccggggaaccctttggaggacttgaagcttgcggttaatacgattgggagtttggttagagccaatgcactcaggaatgagatggccaagatttga",NA
